"post_title","guid","categories"
"Chuyện Tiểu Cúc","http://xn--qucu-hr5aza.com/?p=22","Sách, thơ, phim,Dấu vết thiên di,nét nghĩa ẩn,thay đổi góc nhìn,thơ - tản văn"
"Tại sao Đạo gia lại đề cao sự học?","http://xn--qucu-hr5aza.com/?p=42","Đạo, ngữ dụng, tâm lý học nhận thức,Đạo,hiểu lầm,nét nghĩa ẩn,thay đổi góc nhìn"
"Con mắt lạnh như băng","http://xn--qucu-hr5aza.com/?p=52","Bài nổi bật,Nỗi sợ, góc nhìn, mạnh mẽ, từ bi,Phật,sợ hãi,thay đổi góc nhìn,từ bi"
"Chuyện gì sẽ xảy ra nếu...?","http://xn--qucu-hr5aza.com/?p=79","Bài nổi bật,Sách, thơ, phim,dịch,nét nghĩa ẩn,sách,thay đổi góc nhìn,xkcd,tò mò"
"Rối loạn nhân cách tâm trạng không ổn định","http://xn--qucu-hr5aza.com/?p=108","Nỗi sợ, góc nhìn, mạnh mẽ, từ bi,Rối loạn nhân cách tâm trạng không ổn định,rối loạn nhân cách,sợ hãi,tâm lý học trị liệu,Nỗi sợ, góc nhìn, mạnh mẽ, và từ bi"
"Tranh luận hiền hòa","http://xn--qucu-hr5aza.com/?p=113","Bài nổi bật,Nỗi sợ, góc nhìn, mạnh mẽ, từ bi,tâm lý học trị liệu,thay đổi góc nhìn,Nỗi sợ, góc nhìn, mạnh mẽ, và từ bi"
"Nơi cuối trời","http://xn--qucu-hr5aza.com/?p=115","Sách, thơ, phim,Dấu vết thiên di,sách,thay đổi góc nhìn,thơ - tản văn"
"Truyện cười vật lý","http://xn--qucu-hr5aza.com/?p=118","Đạo, ngữ dụng, tâm lý học nhận thức,Đạo,thay đổi góc nhìn"
"EUPD: xem thêm","http://xn--qucu-hr5aza.com/?p=177","Nỗi sợ, góc nhìn, mạnh mẽ, từ bi,Rối loạn nhân cách tâm trạng không ổn định,Phật,rối loạn nhân cách,sợ hãi,tâm lý học trị liệu,từ bi,Nỗi sợ, góc nhìn, mạnh mẽ, và từ bi"
"Bộ sưu tập từ điển chuyên ngành","http://xn--qucu-hr5aza.com/?p=191","Bài nổi bật,Tài nguyên khác,Làm việc hiệu quả,dịch,sách"
"Máy trợ thính","http://xn--qucu-hr5aza.com/?p=202","Nỗi sợ, góc nhìn, mạnh mẽ, từ bi,từ bi"
"Ru em ngủ","http://xn--qucu-hr5aza.com/?p=245","Sách, thơ, phim,Dấu vết thiên di,thơ - tản văn,từ bi,sự bất lực học được"
"Kết luận","http://xn--qucu-hr5aza.com/?p=266","Đạo, ngữ dụng, tâm lý học nhận thức,Sách, thơ, phim,Cuộc cách mạng một cọng rơm,Đạo,hiểu lầm,nét nghĩa ẩn,sách,thay đổi góc nhìn,Tự nhiên, hệ thống, khoa học, quyền uy,triết học khoa học"
"Phần 3: Khoa học có trong những triết lý của ông ấy","http://xn--qucu-hr5aza.com/?p=285","Đạo, ngữ dụng, tâm lý học nhận thức,Sách, thơ, phim,Cuộc cách mạng một cọng rơm,Đạo,hiểu lầm,nét nghĩa ẩn,sách,thay đổi góc nhìn,Tự nhiên, hệ thống, khoa học, quyền uy,triết học khoa học"
"Phần 2: Thứ ông ấy làm lại là khoa học đúng nghĩa","http://xn--qucu-hr5aza.com/?p=292","Đạo, ngữ dụng, tâm lý học nhận thức,Sách, thơ, phim,Cuộc cách mạng một cọng rơm,Đạo,hiểu lầm,nét nghĩa ẩn,sách,thay đổi góc nhìn,Tự nhiên, hệ thống, khoa học, quyền uy,triết học khoa học"
"Phần 1: Thứ ông ấy nghĩ không phải là khoa học đúng nghĩa","http://xn--qucu-hr5aza.com/?p=313","Đạo, ngữ dụng, tâm lý học nhận thức,Sách, thơ, phim,Cuộc cách mạng một cọng rơm,Đạo,hiểu lầm,nét nghĩa ẩn,sách,thay đổi góc nhìn,Tự nhiên, hệ thống, khoa học, quyền uy,triết học khoa học"
"Phản biện cuốn <em>Cuộc cách mạng một-cọng-rơm</em>","http://xn--qucu-hr5aza.com/?p=355","Đạo, ngữ dụng, tâm lý học nhận thức,Sách, thơ, phim,Cuộc cách mạng một cọng rơm,Đạo,hiểu lầm,nét nghĩa ẩn,sách,thay đổi góc nhìn,Tự nhiên, hệ thống, khoa học, quyền uy,triết học khoa học"
"Cần bạn trợ giúp: kháng nghị Facebook","http://xn--qucu-hr5aza.com/?p=407","Uncategorized,lưu trữ"
"Phản hồi của người dịch: bạn đọc sách không thấm rồi","http://xn--qucu-hr5aza.com/?p=431","Đạo, ngữ dụng, tâm lý học nhận thức,Sách, thơ, phim,Cuộc cách mạng một cọng rơm,Đạo,hiểu lầm,nét nghĩa ẩn,sách,thay đổi góc nhìn,Tự nhiên, hệ thống, khoa học, quyền uy,triết học khoa học,nghịch lý"
"Rắc rối của từ bi (bản ngắn)","http://xn--qucu-hr5aza.cc/?p=596","Nỗi sợ, góc nhìn, mạnh mẽ, từ bi,Rắc rối của từ bi,hiểu lầm,Phật,thay đổi góc nhìn,từ bi,Nỗi sợ, góc nhìn, mạnh mẽ, và từ bi"
"Khi đạo sĩ gặp rối loạn tâm lý","http://xn--qucu-hr5aza.cc/?p=626","Đạo, ngữ dụng, tâm lý học nhận thức,Nỗi sợ, góc nhìn, mạnh mẽ, từ bi,Khi đạo sĩ gặp rối loạn tâm lý,Đạo,hiểu lầm,sợ hãi,từ bi,Nỗi sợ, góc nhìn, mạnh mẽ, và từ bi"
"Ví dụ về sự tương tác giữa Đạo gia và rối loạn tâm lý","http://xn--qucu-hr5aza.cc/?p=648","Đạo, ngữ dụng, tâm lý học nhận thức,Nỗi sợ, góc nhìn, mạnh mẽ, từ bi,Khi đạo sĩ gặp rối loạn tâm lý,Đạo,hiểu lầm,sợ hãi,từ bi,Nỗi sợ, góc nhìn, mạnh mẽ, và từ bi,Bất lực, bạo hành, tự quyết, can thiệp"
"Mối quan hệ của một bông hoa chết","http://xn--qucu-hr5aza.cc/?p=657","Đạo, ngữ dụng, tâm lý học nhận thức,Nỗi sợ, góc nhìn, mạnh mẽ, từ bi,Khi đạo sĩ gặp rối loạn tâm lý,Đạo,hiểu lầm,sợ hãi,từ bi,Nỗi sợ, góc nhìn, mạnh mẽ, và từ bi,Bất lực, bạo hành, tự quyết, can thiệp"
"Kết luận","http://xn--qucu-hr5aza.cc/?p=674","Đạo, ngữ dụng, tâm lý học nhận thức,Nỗi sợ, góc nhìn, mạnh mẽ, từ bi,Khi đạo sĩ gặp rối loạn tâm lý,Đạo,hiểu lầm,sợ hãi,từ bi,Nỗi sợ, góc nhìn, mạnh mẽ, và từ bi"
"Trăm năm khép lại","http://xn--qucu-hr5aza.cc/?p=741","Sách, thơ, phim,Dấu vết thiên di,tâm lý học trị liệu,thơ - tản văn,Bất lực, bạo hành, tự quyết, can thiệp,sự bất lực học được"
"Nghiên cứu khoa học phong cách truyện tranh","http://xn--qucu-hr5aza.cc/?p=745","Tài nguyên khác,Làm việc hiệu quả"
"Rắc rối của từ bi","http://xn--qucu-hr5aza.cc/?p=755","Nỗi sợ, góc nhìn, mạnh mẽ, từ bi,Rắc rối của từ bi,hiểu lầm,nét nghĩa ẩn,Phật,tâm lý học nhận thức,tâm lý học trị liệu,thay đổi góc nhìn,từ bi,Nỗi sợ, góc nhìn, mạnh mẽ, và từ bi"
"Giải pháp","http://xn--qucu-hr5aza.cc/?p=757","Nỗi sợ, góc nhìn, mạnh mẽ, từ bi,Rắc rối của từ bi,hiểu lầm,nét nghĩa ẩn,Phật,thay đổi góc nhìn,từ bi,Nỗi sợ, góc nhìn, mạnh mẽ, và từ bi"
"Rắc rối 3: Người ngoài không hiểu bạn","http://xn--qucu-hr5aza.cc/?p=760","Nỗi sợ, góc nhìn, mạnh mẽ, từ bi,Rắc rối của từ bi,hiểu lầm,nét nghĩa ẩn,Phật,tâm lý học nhận thức,tâm lý học trị liệu,thay đổi góc nhìn,từ bi,Nỗi sợ, góc nhìn, mạnh mẽ, và từ bi"
"Rắc rối 2: Phải chịu những hậu quả của dính mắc mặc dù mình không có","http://xn--qucu-hr5aza.cc/?p=773","Nỗi sợ, góc nhìn, mạnh mẽ, từ bi,Rắc rối của từ bi,hiểu lầm,nét nghĩa ẩn,Phật,tâm lý học nhận thức,tâm lý học trị liệu,thay đổi góc nhìn,từ bi,Nỗi sợ, góc nhìn, mạnh mẽ, và từ bi"
"Rắc rối 1: Bị nói là không biết tôn trọng sự khó chịu của họ","http://xn--qucu-hr5aza.cc/?p=776","Nỗi sợ, góc nhìn, mạnh mẽ, từ bi,Rắc rối của từ bi,hiểu lầm,nét nghĩa ẩn,Phật,tâm lý học nhận thức,tâm lý học trị liệu,thay đổi góc nhìn,từ bi,Nỗi sợ, góc nhìn, mạnh mẽ, và từ bi"
"Độc giả Quả Cầu là ai?","http://xn--qucu-hr5aza.cc/?p=834","Meta,hiểu lầm"
"Bộ thẻ học từ vựng tiếng Anh nâng cao (GRE)","http://xn--qucu-hr5aza.cc/?p=927","Tài nguyên khác,ngôn ngữ,nét nghĩa ẩn,Học tiếng Anh,khoa học nhận thức"
"Tại sao Nho gia cũng là một trường phái để đạt tới vô vi?","http://xn--qucu-hr5aza.cc/?p=964","Đạo, ngữ dụng, tâm lý học nhận thức,Sách, thơ, phim,Đạo,sách"
"Tại sao ""đúng sai miễn bàn"" lại không phải là quan điểm của Đạo giáo?","http://xn--qucu-hr5aza.cc/?p=1006","Đạo, ngữ dụng, tâm lý học nhận thức,ngôn ngữ,Đạo,hiểu lầm,nét nghĩa ẩn,tâm lý học nhận thức,tâm lý học trị liệu,thay đổi góc nhìn"
"Các phần mềm hữu ích","http://xn--qucu-hr5aza.cc/?p=1033","Tài nguyên khác,Làm việc hiệu quả"
"500 nhóm Facebook hay","http://xn--qucu-hr5aza.cc/?p=1061","Tài nguyên khác,Làm việc hiệu quả"
"Duy vật lý dưới góc nhìn của vật lý và tâm lý học nhận thức","http://xn--qucu-hr5aza.cc/?p=1071","tâm lý học nhận thức,vật lý,Hiện tượng học, khoa học nhận thức, vật lý luận"
"Câu chuyện của Tiểu Cúc với người trăm năm","http://xn--qucu-hr5aza.cc/?p=1080","Sách, thơ, phim,Dấu vết thiên di,thơ - tản văn,Bất lực, bạo hành, tự quyết, can thiệp,bạo hành"
"Khi sự giúp đỡ trông như cưỡng ép","http://xn--qucu-hr5aza.cc/?p=1104","Nỗi sợ, góc nhìn, mạnh mẽ, từ bi,Khi sự giúp đỡ trông như cưỡng ép,hiểu lầm,thay đổi góc nhìn,từ bi,Nỗi sợ, góc nhìn, mạnh mẽ, và từ bi"
"Anh Nguyễn Dương Minh gửi: Rắc rối của từ bi","http://xn--qucu-hr5aza.cc/?p=1156","Rắc rối của từ bi,độc giả phản hồi,từ bi,Nỗi sợ, góc nhìn, mạnh mẽ, và từ bi"
"Bạn Đoàn Phương Thảo gửi: Chuyện Tiểu Cúc","http://xn--qucu-hr5aza.cc/?p=1160","Sách, thơ, phim,Dấu vết thiên di,độc giả phản hồi"
"Giải quyết nhiều hiểu lầm, ngộ nhận và niềm tin sai phổ biến, một lần cho mãi mãi","http://xn--qucu-hr5aza.cc/?p=1182","Nỗi sợ, góc nhìn, mạnh mẽ, từ bi,Rắc rối của từ bi,hiểu lầm,tâm lý học trị liệu,từ bi,Nỗi sợ, góc nhìn, mạnh mẽ, và từ bi"
"Bản ngã là gì nếu không phải là sự chú ý?","http://xn--qucu-hr5aza.cc/?p=1184","Đạo, ngữ dụng, tâm lý học nhận thức,hiểu lầm,tâm lý học nhận thức,Hiện tượng học, khoa học nhận thức, vật lý luận,hiện tượng học,khoa học nhận thức"
"Thử xây dựng lại Đạo giáo từ khoa học hiện đại","http://xn--qucu-hr5aza.cc/?p=1193","Đạo, ngữ dụng, tâm lý học nhận thức,Đạo,hiểu lầm"
"Bạn Nguyễn Trần Anh gửi: Chuyện Tiểu Cúc | Một lời đáp","http://xn--qucu-hr5aza.cc/?p=1282","Sách, thơ, phim,Dấu vết thiên di,độc giả phản hồi,thơ - tản văn"
"Hướng dẫn trợ giúp","http://xn--qucu-hr5aza.cc/?p=1304","Uncategorized,lưu trữ"
"Ratatouille – những góc nhìn chưa từng có","http://xn--qucu-hr5aza.cc/?p=1453","Bài nổi bật,Sách, thơ, phim,hiểu lầm,nét nghĩa ẩn,sợ hãi,thay đổi góc nhìn,Bất lực, bạo hành, tự quyết, can thiệp,phim"
"CV người sáng lập","http://xn--qucu-hr5aza.cc/?p=1698","Meta"
"Xưng hô trong tình yêu","http://xn--qucu-hr5aza.cc/?p=1717","Đạo, ngữ dụng, tâm lý học nhận thức,ngôn ngữ,nữ quyền"
"Đôi khi","http://xn--qucu-hr5aza.cc/?p=1761","Sách, thơ, phim,Dấu vết thiên di,rối loạn nhân cách,thơ - tản văn"
"Biết chửi thề trước khi biết nói","http://xn--qucu-hr5aza.cc/?p=1814","ngôn ngữ,dịch,sợ hãi,Cái đẹp, cảm xúc, ham muốn, đam mê,cảm xúc,đạo đức"
"Tham gia cùng Quả Cầu","http://xn--qucu-hr5aza.cc/?p=1864","Meta"
"Khi nào ta cần phải tác động? Khi nào sự cứng rắn là cần thiết?","http://xn--qucu-hr5aza.cc/?p=1888","Nỗi sợ, góc nhìn, mạnh mẽ, từ bi,Khi sự giúp đỡ trông như cưỡng ép,hiểu lầm,thay đổi góc nhìn,từ bi,Nỗi sợ, góc nhìn, mạnh mẽ, và từ bi,tự trị,can thiệp"
"Làm sao để biết chắc chắn mình đúng? Nhỡ đâu chính mình mới có bóp méo?","http://xn--qucu-hr5aza.cc/?p=1897","Nỗi sợ, góc nhìn, mạnh mẽ, từ bi,Khi sự giúp đỡ trông như cưỡng ép,hiểu lầm,thay đổi góc nhìn,từ bi,Nỗi sợ, góc nhìn, mạnh mẽ, và từ bi,tự trị"
"Quyền thay đổi niềm tin của người khác","http://xn--qucu-hr5aza.cc/?p=1919","Nỗi sợ, góc nhìn, mạnh mẽ, từ bi,Khi sự giúp đỡ trông như cưỡng ép,hiểu lầm,thay đổi góc nhìn,từ bi,Nỗi sợ, góc nhìn, mạnh mẽ, và từ bi,can thiệp"
"Làm sao để không cảm thấy ngại khi hành động?","https://xn--qucu-hr5aza.com/?p=2001","Nỗi sợ, góc nhìn, mạnh mẽ, từ bi,Khi sự giúp đỡ trông như cưỡng ép,Nỗi sợ, góc nhìn, mạnh mẽ, và từ bi,can thiệp"
"Bản kế hoạch chiến lược dự án Quả Cầu","https://xn--qucu-hr5aza.com/?p=2007","Meta,Kế hoạch cũ"
"love is more thicker than forget","https://xn--qucu-hr5aza.com/?p=2091","Sách, thơ, phim,thơ - tản văn"
"<em>Trung Quán Minh Cú Luận</em>, bản tiếng Pháp","https://xn--qucu-hr5aza.com/?p=2103","Tài nguyên khác,Làm việc hiệu quả,Sách, thơ, phim,Phật,sách,hiện tượng học,khoa học nhận thức"
"Một số suy nghĩ từ dự án Chữ VN Song Song","https://xn--qucu-hr5aza.com/?p=2112","ngôn ngữ,Tự nhiên, hệ thống, khoa học, quyền uy"
"Chìa khóa học cách phát âm","https://xn--qucu-hr5aza.com/?p=2116","Tài nguyên khác,ngôn ngữ,dịch,Học tiếng Anh"
"Một suy nghĩ về lập trình ngôn ngữ tư duy (NLP)","https://xn--qucu-hr5aza.com/?p=2260","Đạo, ngữ dụng, tâm lý học nhận thức,ngôn ngữ"
"Tinh thần Quả Cầu","https://xn--qucu-hr5aza.cc/?p=2587","Meta"
"12 người đàn ông giận dữ","https://xn--qucu-hr5aza.cc/?p=2589","Sách, thơ, phim,bạo hành,phim"
"Sự bất lực học được là gì?","https://xn--qucu-hr5aza.cc/?p=2598","Bài nổi bật,sợ hãi,tâm lý học trị liệu,Bất lực, bạo hành, tự quyết, can thiệp,bạo hành,sự bất lực học được"
"Tại sao không nên dùng ngực thay cho vú?","https://xn--qucu-hr5aza.cc/?p=2623","Đạo, ngữ dụng, tâm lý học nhận thức,ngôn ngữ"
"Chị Nguyễn Đan Khanh gửi: hãy giữ niềm tin sống như một người trẻ mới bước vào đời","https://xn--qucu-hr5aza.cc/?p=2634","Nỗi sợ, góc nhìn, mạnh mẽ, từ bi,Khi sự giúp đỡ trông như cưỡng ép,độc giả phản hồi"
"Đạo không thể giải thích được qua sự độc thoại, nhưng có thể thấy nó được qua sự đối thoại","https://xn--qucu-hr5aza.cc/?p=2726","Đạo, ngữ dụng, tâm lý học nhận thức,Đạo"
"Cảm xúc trong mỹ học","https://xn--qucu-hr5aza.cc/?p=3083","sách,Cái đẹp, cảm xúc, ham muốn, đam mê,cái đẹp,cảm xúc"
"Vượn trần trụi - Vườn thú người","https://xn--qucu-hr5aza.cc/?p=3086","Sách, thơ, phim,sách,tò mò"
"Những bức ảnh muốn gì?","https://xn--qucu-hr5aza.cc/?p=3096","dịch,sách,Cái đẹp, cảm xúc, ham muốn, đam mê,cái đẹp,nữ quyền"
"Một suy nghĩ về sự cộng hưởng","https://xn--qucu-hr5aza.cc/?p=3147","Cái đẹp, cảm xúc, ham muốn, đam mê,cái đẹp,cảm xúc,lãng mạn"
"Kinh nghiệm dịch: google thuật ngữ tiếng Việt","https://xn--qucu-hr5aza.cc/?p=3156","Làm việc hiệu quả,dịch"
"Kinh nghiệm dịch: công cụ dịch","https://xn--qucu-hr5aza.cc/?p=3162","Làm việc hiệu quả,dịch"
"Tại sao cảm xúc không phải là đúng nhất?","https://xn--qucu-hr5aza.cc/?p=3197","Cái đẹp, cảm xúc, ham muốn, đam mê,cảm xúc,Khi sự bất lực trở thành cái đẹp"
"Tại sao cái đẹp không nhất thiết đi cùng với cái tốt?","https://xn--qucu-hr5aza.cc/?p=3203","Cái đẹp, cảm xúc, ham muốn, đam mê,cái đẹp,Khi sự bất lực trở thành cái đẹp,đạo đức"
"Khi sự bất lực trở thành cái đẹp","https://xn--qucu-hr5aza.cc/?p=3208","Bài nổi bật,Dấu vết thiên di,Cái đẹp, cảm xúc, ham muốn, đam mê,cái đẹp,Khi sự bất lực trở thành cái đẹp,Bất lực, bạo hành, tự quyết, can thiệp"
"Khi sự nuông chiều trở thành cái ""đẹp""","https://xn--qucu-hr5aza.cc/?p=3217","Cái đẹp, cảm xúc, ham muốn, đam mê,cái đẹp,cảm xúc,Khi sự bất lực trở thành cái đẹp,Bất lực, bạo hành, tự quyết, can thiệp,giải trí"
"Ai nhớ ngàn năm một ngón tay","https://xn--qucu-hr5aza.cc/?p=3243","Sách, thơ, phim,thơ - tản văn"
"Hiện tượng đồng âm khác nghĩa, đồng nghĩa khác âm, và đảo nghĩa trong quá trình hình thành niềm tin: 2","https://xn--qucu-hr5aza.cc/?p=3265","Đạo, ngữ dụng, tâm lý học nhận thức,nét nghĩa ẩn,tâm lý học nhận thức,Hiện tượng đồng âm khác nghĩa"
"Naïve realism và người sử dụng logic","https://xn--qucu-hr5aza.cc/?p=3388","Tự nhiên, hệ thống, khoa học, quyền uy"
"Chọn làm điều đúng hay chọn làm điều tốt?","https://xn--qucu-hr5aza.cc/?p=3452","Nỗi sợ, góc nhìn, mạnh mẽ, từ bi,sợ hãi,thay đổi góc nhìn,lãng mạn"
"Bạn ngoen gửi: Chuyện Lão Ong","https://xn--qucu-hr5aza.cc/?p=3466","Dấu vết thiên di,thơ - tản văn,Cái đẹp, cảm xúc, ham muốn, đam mê"
"Lời mời khơi dậy sự hồn nhiên và lòng dũng cảm ở một con người","https://xn--qucu-hr5aza.cc/?p=3483","Meta,Dấu vết thiên di"
"Não của bạn đã ngăn bạn xem việc biến đổi khí hậu là nghiêm trọng như thế nào?","https://xn--qucu-hr5aza.cc/?p=3490","Tự nhiên, hệ thống, khoa học, quyền uy"
"Lời mời phản biện và hợp tác nghiên cứu","https://xn--qucu-hr5aza.cc/?p=3536","Meta"
"Bản kế hoạch hành động dự án Quả Cầu","https://xn--qucu-hr5aza.cc/?p=3579","Meta,Kế hoạch cũ"
"Giải đáp chất vấn","https://xn--qucu-hr5aza.cc/?p=3593","Meta"
"Thay đổi niềm tin của người có niềm tin tiêu cực: rào cản và giải pháp","https://xn--qucu-hr5aza.cc/?p=3611","Bất lực, bạo hành, tự quyết, can thiệp,sự bất lực học được,can thiệp"
"Bạn nghĩ gì về Quả Cầu?","https://xn--qucu-hr5aza.cc/?p=3703","Meta,Khảo sát"
"Tại sao những sự bất tiện nhỏ, chứ không phải bức tường lớn, lại là thứ định hướng hành vi trên mạng?","https://xn--qucu-hr5aza.cc/?p=3780","tâm lý học nhận thức,Tự nhiên, hệ thống, khoa học, quyền uy"
"Một quan điểm về loại bỏ từ Hán Việt trong tiếng Việt","https://xn--qucu-hr5aza.cc/?p=3844","ngôn ngữ,dịch,Dịch thuật"
"Thông tin ủng hộ","https://xn--qucu-hr5aza.cc/?p=3969","Meta"
"Cá trích đỏ trong toán học","https://xn--qucu-hr5aza.cc/?p=4025","Đạo, ngữ dụng, tâm lý học nhận thức,ngôn ngữ,nét nghĩa ẩn,toán"
"Ý tưởng nền tảng dịch thuật ngữ","https://xn--qucu-hr5aza.cc/?p=4038","Tài nguyên khác,dịch,nét nghĩa ẩn,Dịch thuật"
"Độc giả Quả Cầu nói gì?","https://xn--qucu-hr5aza.cc/?p=4123","Meta"
"Clip về bạo hành, bắt nạt, và quấy rối","https://xn--qucu-hr5aza.cc/?p=4162","Bất lực, bạo hành, tự quyết, can thiệp,bạo hành"
"Tại sao nói tự nhiên giao cho con người công việc phá hủy nó? (nháp)","https://xn--qucu-hr5aza.cc/?p=4190","Tự nhiên, hệ thống, khoa học, quyền uy,triết học khoa học"
"Liệu sự thao túng là luôn sai?","https://xn--qucu-hr5aza.cc/?p=4246","Bất lực, bạo hành, tự quyết, can thiệp,tự trị,bạo hành"
"Liệu sự yêu cầu về sự đồng thuận có thực sự có cơ sở?","https://xn--qucu-hr5aza.cc/?p=4249","Bất lực, bạo hành, tự quyết, can thiệp,tự trị"
"Tại sao mong muốn của một người không nhất thiết là sự tự chủ của người đó?","https://xn--qucu-hr5aza.cc/?p=4253","Bất lực, bạo hành, tự quyết, can thiệp,tự trị"
"Hỗ trợ người gây bạo hành: liệu ta có đang bỏ qua một nguồn lực quan trọng nhất?","https://xn--qucu-hr5aza.cc/?p=4294","Bài nổi bật,tâm lý học trị liệu,từ bi,Bất lực, bạo hành, tự quyết, can thiệp,bạo hành"
"Khi nào thì sự từ chối trợ giúp của một người không có hiệu lực?","https://xn--qucu-hr5aza.cc/?p=4297","nét nghĩa ẩn,tâm lý học nhận thức,Bất lực, bạo hành, tự quyết, can thiệp,bạo hành"
"Hiện tượng đồng âm khác nghĩa, đồng nghĩa khác âm, và đảo nghĩa trong quá trình hình thành niềm tin","https://xn--qucu-hr5aza.cc/?p=4311","nét nghĩa ẩn,tâm lý học nhận thức,Hiện tượng đồng âm khác nghĩa"
"Hiện tượng đồng âm khác nghĩa, đồng nghĩa khác âm, và đảo nghĩa trong quá trình hình thành niềm tin: 3","https://xn--qucu-hr5aza.cc/?p=4315","Đạo, ngữ dụng, tâm lý học nhận thức,nét nghĩa ẩn,tâm lý học nhận thức,Hiện tượng đồng âm khác nghĩa"
"Bản câu hỏi dành cho người muốn thay đổi quan niệm của bạn mình","https://xn--qucu-hr5aza.cc/?p=4386","tự trị,Dự án,Xây dựng mạng lưới hỗ trợ người có niềm tin tiêu cực"
"Cảm ơn bạn đã ủng hộ Quả Cầu","https://xn--qucu-hr5aza.cc/?p=4409","Uncategorized"
"Lời mời cùng dịch các bài viết về tự trị","https://xn--qucu-hr5aza.cc/?p=4738","dịch,thay đổi góc nhìn,Bất lực, bạo hành, tự quyết, can thiệp,tự trị,bạo hành"
"Là dơi thì như thế nào?","https://xn--qucu-hr5aza.cc/?p=4766","dịch,tâm lý học nhận thức,thay đổi góc nhìn,vật lý,Hiện tượng học, khoa học nhận thức, vật lý luận"
"Lý thuyết về góc nhìn","https://xn--qucu-hr5aza.cc/?p=4781","hiểu lầm,nét nghĩa ẩn,thay đổi góc nhìn,Hiện tượng học, khoa học nhận thức, vật lý luận,hiện tượng học"
"Test","https://xn--qucu-hr5aza.cc/?p=4904","Uncategorized"
"Những hashtag chính trị như #MeToo hay #BlackLivesMatter có thể khiến mọi người ít tin vào tin tức hơn","https://xn--qucu-hr5aza.cc/?p=5109","dịch,cảm xúc,Tự nhiên, hệ thống, khoa học, quyền uy,đạo đức"
"Khảo sát thành viên nhóm <em>Nghiên cứu triết học phương Đông</em>","https://xn--qucu-hr5aza.cc/?p=5193","Meta,Đạo,Phật,Khảo sát"
"Toán học còn có nhiều thứ hơn là mỗi sự chặt chẽ và chứng minh","https://xn--qucu-hr5aza.cc/?p=5199","Đạo, ngữ dụng, tâm lý học nhận thức,dịch,tâm lý học nhận thức,thay đổi góc nhìn,toán"
"Những câu hỏi về nữ quyền","https://xn--qucu-hr5aza.cc/?p=5219","ngôn ngữ,hiểu lầm,Tự nhiên, hệ thống, khoa học, quyền uy,tự trị,nữ quyền"
"Nước cờ thông minh: chúng ta học được nhiều hơn bằng việc tin tưởng hơn là không tin","https://xn--qucu-hr5aza.cc/?p=5247","Tò mò, lạc quan, tin tưởng, thong thả,phẩm hạnh"
"Tổng hợp một số nghịch lý","https://xn--qucu-hr5aza.cc/?p=5278","hiểu lầm,tâm lý học nhận thức,thay đổi góc nhìn,Hiện tượng học, khoa học nhận thức, vật lý luận,nghịch lý"
"Câu chuyện <em>Người mù sờ voi</em>: những góc nhìn chưa từng có","https://xn--qucu-hr5aza.cc/?p=5302","thay đổi góc nhìn,vật lý,Hiện tượng học, khoa học nhận thức, vật lý luận,hiện tượng học,khoa học nhận thức"
"Hoàng Lan","https://xn--qucu-hr5aza.cc/?p=5373","Sách, thơ, phim,Dấu vết thiên di,thơ - tản văn,bất lực học được"
"Mạng lưới người thân, bạn bè của người có niềm tin tiêu cực","https://xn--qucu-hr5aza.cc/?p=5419","tâm lý học trị liệu,sự bất lực học được,Xây dựng mạng lưới hỗ trợ người có niềm tin tiêu cực"
"Thông tin liên hệ","https://xn--qucu-hr5aza.cc/?p=5561","Meta"
"Khảo sát quan điểm về sự tác động","https://xn--qucu-hr5aza.cc/?p=5594","can thiệp,Khảo sát"
"Phiếu đăng ký tham gia <em>Mạng lưới người thân, bạn bè của người có niềm tin tiêu cực</em>","https://xn--qucu-hr5aza.cc/?p=5598","Meta,can thiệp,Khảo sát,Dự án,Xây dựng mạng lưới hỗ trợ người có niềm tin tiêu cực"
"Khảo sát người tu tập Phật giáo","https://xn--qucu-hr5aza.cc/?p=5625","hiểu lầm,từ bi,Khảo sát"
"Nhờ người thứ 3 tác động người có niềm tin tiêu cực","https://xn--qucu-hr5aza.cc/?p=5638","Bất lực, bạo hành, tự quyết, can thiệp,can thiệp"
"4 câu hỏi để giúp người khác thay đổi tốt hơn (Phỏng vấn tạo động lực)","https://xn--qucu-hr5aza.cc/?p=5707","tâm lý học trị liệu,tò mò,Bất lực, bạo hành, tự quyết, can thiệp,tự trị,can thiệp,Tò mò, lạc quan, tin tưởng, thong thả"
"Chấp thuận sau khi được giải thích","https://xn--qucu-hr5aza.cc/?p=5757","Bất lực, bạo hành, tự quyết, can thiệp,can thiệp"
"Các câu hỏi thường gặp","https://xn--qucu-hr5aza.cc/?p=5774","can thiệp,Xây dựng mạng lưới hỗ trợ người có niềm tin tiêu cực"
"Lộ trình thay đổi người có niềm tin tiêu cực","https://xn--qucu-hr5aza.cc/?p=5835","can thiệp,Xây dựng mạng lưới hỗ trợ người có niềm tin tiêu cực"
"Giới thiệu người sáng lập","https://xn--qucu-hr5aza.cc/?p=6049","Meta"
"Sự tối ưu hoá trong vũ trụ","https://xn--qucu-hr5aza.cc/?p=6054","Đạo,vật lý,Hiện tượng học, khoa học nhận thức, vật lý luận,toán"
"Né tránh bằng tâm linh (spiritual bypassing)","https://xn--qucu-hr5aza.cc/?p=6093","Nỗi sợ, góc nhìn, mạnh mẽ, từ bi,Phật,sợ hãi,tâm lý học trị liệu"
"Về nguỵ biện","https://xn--qucu-hr5aza.cc/?p=6105","hiểu lầm,Tò mò, lạc quan, tin tưởng, thong thả,bài tác giả khác"
"Sự riêng tư","https://xn--qucu-hr5aza.cc/?p=6132","Bất lực, bạo hành, tự quyết, can thiệp,tự trị,đạo đức,phẩm hạnh"
"Bộ quy tắc đạo đức cho thành viên <i>Mạng lưới người thân, bạn bè của người có niềm tin tiêu cực</i>","https://xn--qucu-hr5aza.cc/?p=6291","can thiệp,Dự án,Xây dựng mạng lưới hỗ trợ người có niềm tin tiêu cực"
"Tên miền có dấu?","https://xn--qucu-hr5aza.cc/?p=6316","ngôn ngữ,Tò mò, lạc quan, tin tưởng, thong thả"
"Sao mà hỏi lắm thế?","https://xn--qucu-hr5aza.cc/?p=6334","Tò mò, lạc quan, tin tưởng, thong thả"
"""The best way to learn vocabulary is from context."" Why is that sometime not true?","https://xn--qucu-hr5aza.cc/?p=6389","ngôn ngữ,tâm lý học nhận thức,Học tiếng Anh"
"Phân tích một mạng lưới 100+ niềm tin","https://xn--qucu-hr5aza.cc/?p=6540","tâm lý học nhận thức,thay đổi góc nhìn,Mạng lưới niềm tin và mạng lưới câu hỏi liên ngành,niềm tin,mạng lưới"
"test","https://xn--qucu-hr5aza.cc/?p=6780","Uncategorized"
,"https://xn--qucu-hr5aza.cc/?p=6788","Uncategorized"
"Phân tích một mạng lưới 100+ niềm tin (phần 2)","https://xn--qucu-hr5aza.cc/?p=6939","hiểu lầm,nét nghĩa ẩn,tâm lý học nhận thức,thay đổi góc nhìn,Mạng lưới niềm tin và mạng lưới câu hỏi liên ngành"
"Danh sách các niềm tin trong đồ thị mạng lưới niềm tin","https://xn--qucu-hr5aza.cc/?p=7050","Dự án,Mạng lưới niềm tin và mạng lưới câu hỏi liên ngành,niềm tin"
"Obsidian, cây vấn đề, hệ thống quản lý công việc, và nỗi sợ chết","https://xn--qucu-hr5aza.cc/?p=7218","Tài nguyên khác,Làm việc hiệu quả"
"Cửa hàng","https://xn--qucu-hr5aza.cc/?p=7336","Uncategorized"
"Các cấp độ tham gia Quả Cầu","https://xn--qucu-hr5aza.cc/?p=9574","Meta,Kế hoạch cũ"
"Vấn đề Quả Cầu","https://xn--qucu-hr5aza.cc/?p=10381","Meta,độc giả phản hồi"
"Bản câu hỏi dành cho việc xây dựng nhóm người thân bạn bè của người có niềm tin tiêu cực","https://xn--qucu-hr5aza.cc/?p=12002","Dự án,Xây dựng mạng lưới hỗ trợ người có niềm tin tiêu cực"
"Về cặp phạm trù “cái phổ quát - cái đặc thù - cái đơn nhất” trong phép biện chứng của Hegel","https://xn--qucu-hr5aza.cc/?p=13225","Hiện tượng học, khoa học nhận thức, vật lý luận,hiện tượng học"
"Mẹo tóm tắt các bài viết đọc chẳng hiểu gì hết","https://xn--qucu-hr5aza.cc/?p=13291","Hiện tượng học, khoa học nhận thức, vật lý luận"
"Hợp nhất hai cách nhìn về thông tin","https://xn--qucu-hr5aza.cc/?p=17233","dịch,vật lý,Hiện tượng học, khoa học nhận thức, vật lý luận"
"Một đám mây chim sáo","https://xn--qucu-hr5aza.cc/?p=20737","Meta,Tự nhiên, hệ thống, khoa học, quyền uy,khoa học phức hợp"
"Một đám mây chim sáo (phần 2)","https://xn--qucu-hr5aza.cc/?p=20777","Meta,Hiện tượng học, khoa học nhận thức, vật lý luận,Dự án,khoa học phức hợp"
"Truyện ngụ ngôn về những người mong đợi","https://xn--qucu-hr5aza.cc/?p=20801","Meta"
"Chú thích cho bài <em>Người mù sờ voi</em>","https://xn--qucu-hr5aza.cc/?p=20871","thay đổi góc nhìn,vật lý,Hiện tượng học, khoa học nhận thức, vật lý luận,hiện tượng học,khoa học nhận thức"
"Khảo sát người dùng vault Nhập môn Obsidian","https://xn--qucu-hr5aza.cc/?p=20923","Khảo sát"
"Truyện Ngụ Ngôn về Người Nhật – Phần Một (chưa chắc có Phần Hai)","https://xn--qucu-hr5aza.cc/?p=20938","Meta"
"Từ việc hỗ trợ Kendy đến Patreon và tâm lý của con người về tiền","https://xn--qucu-hr5aza.cc/?p=20950","Meta"
"Câu hỏi thường gặp về mô hình tổ chức chim sáo","https://xn--qucu-hr5aza.cc/?p=20961","Uncategorized,Meta,Hiện tượng học, khoa học nhận thức, vật lý luận"
"Phiếu khảo sát sau buổi nói chuyện ""Một đám mây chim sáo""","https://xn--qucu-hr5aza.cc/?p=21004","Khảo sát"
"Từ cách một từ được đổ nghĩa đến việc dịch khái niệm philanthropy sang tiếng Việt","https://xn--qucu-hr5aza.cc/?p=21007","Đạo, ngữ dụng, tâm lý học nhận thức,ngôn ngữ,dịch,nét nghĩa ẩn"
"Các buổi chia sẻ kỹ năng miễn phí với nhau","https://xn--qucu-hr5aza.cc/?p=21059","Dự án"
"Bộ cài đặt Vùng đất Quả Cầu","https://xn--qucu-hr5aza.cc/?p=21117","Meta"
"Khảo sát nhu cầu phân loại tự động và lập trình","https://xn--qucu-hr5aza.cc/?p=21134","Khảo sát"
"Bàn làm việc Google Calendar","https://xn--qucu-hr5aza.cc/?p=21146","Các buổi đáp ứng nhu cầu học lập trình"
"Các buổi đáp ứng nhu cầu học cách sử dụng công cụ và tư duy lập trình cho nhu cầu công việc","https://xn--qucu-hr5aza.cc/?p=21168","Các buổi đáp ứng nhu cầu học lập trình"
"Khi nào thì chiến lược định giá ""trả tuỳ tâm"" đạt được sự bền vững?","https://xn--qucu-hr5aza.cc/?p=21175","Các buổi đáp ứng nhu cầu học lập trình"
"Tích hợp Trấn Kỳ vào hệ thống của bạn","https://xn--qucu-hr5aza.cc/?p=21213","Các buổi đáp ứng nhu cầu học lập trình"
"Kiếm tiền từ Trấn Kỳ","https://xn--qucu-hr5aza.cc/?p=21250","Các buổi đáp ứng nhu cầu học lập trình"
"tesst","https://xn--qucu-hr5aza.cc/tesst/","Uncategorized"
"Khảo sát nhu cầu học lập trình","https://xn--qucu-hr5aza.cc/?p=21282","Khảo sát,Các buổi đáp ứng nhu cầu học lập trình"
